"Bond Type","Ligand Atom","Protein Atom","% Frames Present","Frames Present"
"Sulfur-lone Pair","B MOL 149 O1","A MET 1 SD","2.8%","Contact statistics need to be regenerated"
"Sulfur-lone Pair","B MOL 149 O3","A MET 1 SD","3.8%","Contact statistics need to be regenerated"
"Sulfur-lone Pair","B MOL 149 N2","A MET 1 SD","2.3%","Contact statistics need to be regenerated"
"Hydrogen bond","B MOL 149 H1","A ACE 0 O","1.1%","Contact statistics need to be regenerated"
"Hydrogen bond","B MOL 149 H2","A ACE 0 O","3.2%","Contact statistics need to be regenerated"
"Hydrogen bond","B MOL 149 H2","A MET 1 SD","2.3%","Contact statistics need to be regenerated"
"Hydrogen bond","B MOL 149 H1","A TYR 2 O","72.5%","Contact statistics need to be regenerated"
"Hydrogen bond","B MOL 149 O1","A TYR 2 H","22.8%","Contact statistics need to be regenerated"
"Hydrogen bond","B MOL 149 H42","A GLU 4 O","33.8%","Contact statistics need to be regenerated"
"Hydrogen bond","B MOL 149 N1","A GLU 4 H","96.2%","Contact statistics need to be regenerated"
"Hydrogen bond","B MOL 149 H41","A ARG 7 O","39.8%","Contact statistics need to be regenerated"
"Hydrogen bond","B MOL 149 H42","A ARG 7 O","7.2%","Contact statistics need to be regenerated"
"Hydrogen bond","B MOL 149 N1","A ARG 7 HH11","15.0%","Contact statistics need to be regenerated"
"Hydrogen bond","B MOL 149 O","A ARG 7 HH12","6.2%","Contact statistics need to be regenerated"
"Hydrogen bond","B MOL 149 O","A ARG 7 HH22","1.0%","Contact statistics need to be regenerated"
"Hydrogen bond","B MOL 149 H41","A LEU 8 O","21.4%","Contact statistics need to be regenerated"
"Hydrogen bond","B MOL 149 H3","A LEU 142 O","1.5%","Contact statistics need to be regenerated"
"Cation-pi","B MOL 149 C5","A ARG 7 NE","14.6%","Contact statistics need to be regenerated"
"Cation-pi","B MOL 149 C6","A ARG 7 NE","24.9%","Contact statistics need to be regenerated"
"Cation-pi","B MOL 149 C5","A ARG 7 NH1","6.5%","Contact statistics need to be regenerated"
"Cation-pi","B MOL 149 C6","A ARG 7 NH1","28.3%","Contact statistics need to be regenerated"
"Cation-pi","B MOL 149 C5","A ARG 7 NH2","3.8%","Contact statistics need to be regenerated"
"Cation-pi","B MOL 149 C6","A ARG 7 NH2","5.2%","Contact statistics need to be regenerated"
"Aromatic-Aromatic","B MOL 149 H8","A TYR 2 CZ","6.3%","Contact statistics need to be regenerated"
"Aromatic-Aromatic","B MOL 149 C6","A TYR 2 HD2","3.3%","Contact statistics need to be regenerated"
"Aromatic-Aromatic","B MOL 149 C5","A PHE 3 CD2","5.5%","Contact statistics need to be regenerated"
"Aromatic-Aromatic","B MOL 149 C6","A PHE 3 CD2","9.1%","Contact statistics need to be regenerated"
"Aromatic-Aromatic","B MOL 149 C5","A PHE 3 HD1","21.5%","Contact statistics need to be regenerated"
"Aromatic-Aromatic","B MOL 149 C6","A PHE 3 HD1","12.0%","Contact statistics need to be regenerated"
"Aromatic-Aromatic","B MOL 149 C5","A PHE 3 HD2","33.6%","Contact statistics need to be regenerated"
"Aromatic-Aromatic","B MOL 149 C6","A PHE 3 HD2","22.7%","Contact statistics need to be regenerated"
"Aromatic-Aromatic","B MOL 149 C5","A PHE 3 HE2","3.8%","Contact statistics need to be regenerated"
"Aromatic-Aromatic","B MOL 149 C5","A PHE 9 HD1","4.4%","Contact statistics need to be regenerated"
"","","","",""
"","","","",""
"","","","",""
"","","","",""
"","","","",""
"","","","",""
"","","","",""
"","","","",""
"","","","",""
"","","","",""
"","","","",""
"","","","",""
"","","","",""
"","","","",""
"","","","",""
"","","","",""
"","","","",""
"","","","",""
"","","","",""
"","","","",""
"","","","",""
"","","","",""
"","","","",""
"","","","",""
"","","","",""
"","","","",""
"","","","",""
"","","","",""
"","","","",""
"","","","",""
"","","","",""
"","","","",""
"","","","",""
"","","","",""
"","","","",""
"","","","",""
"","","","",""
"","","","",""
"","","","",""
"","","","",""
"","","","",""
"","","","",""
"","","","",""
"","","","",""
"","","","",""
"","","","",""
"","","","",""
"","","","",""
"","","","",""
"","","","",""
"","","","",""
"","","","",""
"","","","",""
"","","","",""
"","","","",""
"","","","",""
"","","","",""
"","","","",""
"","","","",""
